id,clip_count
45001,65
45002,41
45003,45
45004,39
45005,17
45006,59
45007,63
45008,67
45009,68
45010,11
45011,6
45012,30
45013,59
45014,16
45015,1
45016,6
45017,52
45018,11
45019,59
45020,56
45021,48
45022,42
45023,49
45024,57
45025,57
45026,9
45027,39
45028,58
45029,75
45030,29
45031,69
45032,75
45033,2
45034,7
45035,1
45036,29
45037,1
45038,11
45039,29
45040,22
45041,45
45042,59
45043,49
45044,53
45045,66
45046,62
45047,64
45048,32
45049,50
45050,67
45051,70
45052,11
45053,60
45054,39
45055,46
45056,40
45057,76
45058,66
45059,41
45060,20
45061,48
45062,68
45063,9
45064,50
45065,28
45066,4
45067,17
45068,24
45069,35
45070,55
45071,18
45072,37
45073,34
45074,58
45075,66
45076,4
45077,23
45078,69
45079,10
45080,39
45081,69
45082,16
45083,9
45084,34
45085,4
45086,11
45087,49
45088,4
45089,17
45090,4
45091,19
45092,57
45093,21
45094,37
45095,19
45096,60
45097,21
45098,36
45099,58
45100,40
45101,0
45102,63
45103,5
45104,65
45105,38
45106,55
45107,40
45108,26
45109,23
45110,59
45111,30
45112,34
45113,19
45114,67
45115,23
45116,56
45117,72
45118,32
45119,41
45120,5
45121,24
45122,17
45123,62
45124,57
45125,17
45126,15
45127,74
45128,12
45129,10
45130,14
45131,11
45132,20
45133,63
45134,68
45135,12
45136,1
45137,5
45138,9
45139,2
45140,37
45141,63
45142,65
45143,13
45144,76
45145,69
45146,68
45147,31
45148,60
45149,56
45150,20
45151,57
45152,32
45153,37
45154,17
45155,35
45156,39
45157,60
45158,27
45159,45
45160,43
45161,70
45162,40
45163,45
45164,69
45165,2
45166,32
45167,70
45168,45
45169,76
45170,56
45171,46
45172,6
45173,39
45174,43
45175,0
45176,24
45177,17
45178,4
45179,34
45180,6
45181,14
45182,50
45183,22
45184,8
45185,7
45186,57
45187,0
45188,58
45189,48
45190,43
45191,71
45192,67
45193,35
45194,55
45195,38
45196,66
45197,74
45198,3
45199,54
45200,52
45201,27
45202,8
45203,7
45204,42
45205,49
45206,5
45207,29
45208,21
45209,10
45210,5
45211,61
45212,22
45213,63
45214,70
45215,19
45216,28
45217,57
45218,48
45219,29
45220,72
45221,0
45222,21
45223,27
45224,15
45225,69
45226,68
45227,20
45228,68
45229,3
45230,68
45231,43
45232,7
45233,25
45234,13
45235,67
45236,28
45237,29
45238,51
45239,31
45240,11
45241,0
45242,72
45243,31
45244,57
45245,52
45246,41
45247,65
45248,30
45249,39
45250,23
45251,16
45252,23
45253,22
45254,32
45255,35
45256,74
45257,71
45258,12
45259,16
45260,72
45261,28
45262,20
45263,7
45264,30
45265,49
45266,9
45267,74
45268,29
45269,14
45270,46
45271,30
45272,15
45273,69
45274,23
45275,15
45276,71
45277,73
45278,63
45279,24
45280,48
45281,3
45282,32
45283,50
45284,58
45285,10
45286,5
45287,7
45288,27
45289,22
45290,41
45291,53
45292,9
45293,43
45294,0
45295,7
45296,23
45297,34
45298,49
45299,38
45300,68
45301,4
45302,10
45303,32
45304,10
45305,54
45306,62
45307,3
45308,71
45309,35
45310,15
45311,7
45312,22
45313,70
45314,41
45315,64
45316,14
45317,36
45318,69
45319,67
45320,35
45321,59
45322,11
45323,62
45324,51
45325,33
45326,50
45327,43
45328,68
45329,75
45330,41
45331,58
45332,49
45333,33
45334,47
45335,31
45336,30
45337,14
45338,63
45339,9
45340,31
45341,33
45342,5
45343,35
45344,17
45345,1
45346,21
45347,16
45348,2
45349,72
45350,12
45351,20
45352,67
45353,14
45354,16
45355,58
45356,47
45357,32
45358,44
45359,26
45360,33
45361,23
45362,53
45363,61
45364,75
45365,49
45366,16
45367,75
45368,33
45369,28
45370,12
45371,44
45372,28
45373,51
45374,32
45375,5
45376,1
45377,20
45378,57
45379,35
45380,40
45381,4
45382,75
45383,31
45384,28
45385,9
45386,29
45387,41
45388,45
45389,3
45390,0
45391,9
45392,44
45393,66
45394,49
45395,23
45396,49
45397,17
45398,37
45399,62
45400,69
45401,23
45402,29
45403,1
45404,15
45405,57
45406,20
45407,75
45408,49
45409,39
45410,8
45411,4
45412,52
45413,11
45414,2
45415,61
45416,53
45417,16
45418,63
45419,59
45420,33
45421,74
45422,33
45423,56
45424,77
45425,3
45426,58
45427,74
45428,57
45429,55
45430,5
45431,7
45432,64
45433,17
45434,0
45435,29
45436,42
45437,38
45438,59
45439,18
45440,42
45441,34
45442,63
45443,33
45444,49
45445,54
45446,65
45447,20
45448,33
45449,41
45450,75
45451,10
45452,1
45453,0
45454,2
45455,29
45456,41
45457,48
45458,34
45459,61
45460,8
45461,18
45462,9
45463,19
45464,49
45465,47
45466,9
45467,30
45468,20
45469,6
45470,45
45471,31
45472,73
45473,61
45474,4
45475,16
45476,48
45477,31
45478,60
45479,12
45480,44
45481,3
45482,65
45483,42
45484,63
45485,72
45486,6
45487,53
45488,20
45489,9
45490,62
45491,57
45492,2
45493,73
45494,1
45495,56
45496,7
45497,2
45498,46
45499,3
45500,45
45501,16
45502,51
45503,41
45504,21
45505,66
45506,45
45507,35
45508,15
45509,46
45510,56
45511,20
45512,40
45513,5
45514,45
45515,37
45516,56
45517,73
45518,55
45519,23
45520,31
45521,69
45522,12
45523,9
45524,39
45525,24
45526,11
45527,50
45528,59
45529,28
45530,26
45531,55
45532,70
45533,28
45534,55
45535,44
45536,44
45537,49
45538,8
45539,9
45540,29
45541,66
45542,76
45543,11
45544,15
45545,6
45546,43
45547,31
45548,19
45549,6
45550,28
45551,10
45552,70
45553,9
45554,35
45555,25
45556,22
45557,25
45558,11
45559,19
45560,51
45561,63
45562,29
45563,19
45564,71
45565,43
45566,1
45567,44
45568,31
45569,55
45570,6
45571,68
45572,6
45573,67
45574,12
45575,46
45576,30
45577,41
45578,71
45579,40
45580,66
45581,43
45582,24
45583,17
45584,24
45585,35
45586,51
45587,62
45588,2
45589,29
45590,67
45591,69
45592,59
45593,30
45594,31
45595,41
45596,19
45597,57
45598,61
45599,64
45600,24
45601,24
45602,41
45603,22
45604,40
45605,51
45606,66
45607,49
45608,5
45609,25
45610,6
45611,28
45612,12
45613,65
45614,1
45615,28
45616,14
45617,14
45618,8
45619,44
45620,23
45621,28
45622,55
45623,67
45624,61
45625,54
45626,11
45627,30
45628,6
45629,54
45630,41
45631,5
45632,0
45633,14
45634,30
45635,55
45636,41
45637,64
45638,33
45639,28
45640,35
45641,49
45642,23
45643,31
45644,2
45645,56
45646,26
45647,50
45648,16
45649,64
45650,13
45651,69
45652,51
45653,30
45654,21
45655,14
45656,69
45657,74
45658,6
45659,28
45660,42
45661,60
45662,38
45663,28
45664,13
45665,34
45666,26
45667,71
45668,26
45669,5
45670,11
45671,15
45672,56
45673,64
45674,26
45675,3
45676,51
45677,25
45678,69
45679,48
45680,36
45681,17
45682,57
45683,61
45684,26
45685,76
45686,24
45687,28
45688,21
45689,50
45690,68
45691,55
45692,57
45693,26
45694,49
45695,0
45696,52
45697,39
45698,27
45699,59
45700,7
45701,31
45702,19
45703,10
45704,69
45705,45
45706,36
45707,71
45708,10
45709,43
45710,59
45711,41
45712,11
45713,52
45714,38
45715,61
45716,32
45717,62
45718,8
45719,71
45720,44
45721,45
45722,19
45723,27
45724,29
45725,31
45726,2
45727,50
45728,63
45729,53
45730,51
45731,41
45732,51
45733,56
45734,44
45735,0
45736,52
45737,34
45738,30
45739,65
45740,35
45741,63
45742,47
45743,50
45744,34
45745,17
45746,14
45747,76
45748,1
45749,17
45750,27
45751,52
45752,73
45753,74
45754,65
45755,36
45756,14
45757,25
45758,54
45759,6
45760,23
45761,2
45762,30
45763,1
45764,52
45765,66
45766,0
45767,32
45768,12
45769,73
45770,39
45771,4
45772,75
45773,5
45774,48
45775,4
45776,4
45777,57
45778,59
45779,72
45780,9
45781,68
45782,25
45783,50
45784,49
45785,65
45786,27
45787,58
45788,52
45789,42
45790,67
45791,16
45792,21
45793,73
45794,60
45795,72
45796,74
45797,70
45798,14
45799,36
45800,61
45801,69
45802,2
45803,5
45804,63
45805,38
45806,75
45807,4
45808,24
45809,63
45810,25
45811,72
45812,37
45813,57
45814,60
45815,60
45816,30
45817,38
45818,45
45819,30
45820,36
45821,56
45822,5
45823,50
45824,34
45825,8
45826,24
45827,11
45828,34
45829,69
45830,63
45831,72
45832,6
45833,5
45834,19
45835,31
45836,55
45837,26
45838,41
45839,74
45840,47
45841,13
45842,45
45843,22
45844,71
45845,37
45846,20
45847,4
45848,62
45849,72
45850,53
45851,68
45852,55
45853,43
45854,6
45855,17
45856,73
45857,58
45858,21
45859,66
45860,44
45861,19
45862,54
45863,16
45864,46
45865,56
45866,57
45867,44
45868,62
45869,63
45870,7
45871,9
45872,9
45873,24
45874,28
45875,48
45876,73
45877,6
45878,14
45879,16
45880,71
45881,36
45882,14
45883,48
45884,64
45885,59
45886,37
45887,65
45888,30
45889,52
45890,65
45891,2
45892,52
45893,60
45894,40
45895,24
45896,54
45897,4
45898,50
45899,62
45900,51
45901,20
45902,70
45903,52
45904,24
45905,51
45906,76
45907,43
45908,8
45909,27
45910,65
45911,49
45912,72
45913,14
45914,55
45915,63
45916,8
45917,10
45918,62
45919,7
45920,58
45921,49
45922,26
45923,12
45924,36
45925,70
45926,22
45927,50
45928,73
45929,63
45930,5
45931,67
45932,36
45933,23
45934,6
45935,70
45936,58
45937,67
45938,30
45939,37
45940,60
45941,62
45942,50
45943,53
45944,18
45945,43
45946,11
45947,24
45948,2
45949,37
45950,43
45951,8
45952,61
45953,57
45954,12
45955,22
45956,37
45957,67
45958,72
45959,13
45960,62
45961,26
45962,50
45963,68
45964,3
45965,27
45966,37
45967,24
45968,46
45969,63
45970,4
45971,38
45972,67
45973,37
45974,60
45975,35
45976,39
45977,59
45978,25
45979,63
45980,5
45981,57
45982,53
45983,2
45984,42
45985,16
45986,73
45987,50
45988,73
45989,18
45990,27
45991,9
45992,27
45993,41
45994,53
45995,29
45996,35
45997,19
45998,38
45999,71
46000,23
46001,37
46002,40
46003,65
46004,32
46005,12
46006,53
46007,28
46008,49
46009,67
46010,51
46011,6
46012,25
46013,50
46014,69
46015,66
46016,35
46017,17
46018,33
46019,12
46020,42
46021,61
46022,23
46023,34
46024,35
46025,10
46026,19
46027,5
46028,41
46029,45
46030,33
46031,8
46032,32
46033,69
46034,18
46035,41
46036,6
46037,53
46038,20
46039,25
46040,61
46041,21
46042,52
46043,69
46044,27
46045,18
46046,49
46047,25
46048,13
46049,58
46050,26
46051,11
46052,12
46053,17
46054,54
46055,18
46056,22
46057,9
46058,21
46059,18
46060,8
46061,12
46062,47
46063,10
46064,48
46065,2
46066,10
46067,22
46068,2
46069,76
46070,46
46071,14
46072,21
46073,29
46074,58
46075,65
46076,27
46077,75
46078,20
46079,74
46080,2
46081,33
46082,25
46083,8
46084,18
46085,52
46086,14
46087,67
46088,4
46089,46
46090,16
46091,21
46092,34
46093,24
46094,33
46095,10
46096,18
46097,32
46098,54
46099,13
46100,56
46101,53
46102,20
46103,2
46104,9
46105,21
46106,20
46107,4
46108,67
46109,6
46110,35
46111,66
46112,57
46113,50
46114,71
46115,61
46116,62
46117,28
46118,5
46119,26
46120,21
46121,4
46122,28
46123,24
46124,55
46125,18
46126,15
46127,48
46128,61
46129,21
46130,40
46131,29
46132,74
46133,19
46134,58
46135,31
46136,0
46137,5
46138,37
46139,52
46140,50
46141,27
46142,40
46143,53
46144,5
46145,8
46146,37
46147,30
46148,15
46149,43
46150,33
46151,16
46152,9
46153,29
46154,25
46155,58
46156,4
46157,41
46158,34
46159,4
46160,56
46161,14
46162,47
46163,69
46164,20
46165,33
46166,73
46167,3
46168,55
46169,67
46170,68
46171,69
46172,50
46173,35
46174,31
46175,27
46176,2
46177,14
46178,38
46179,56
46180,71
46181,11
46182,4
46183,0
46184,67
46185,18
46186,54
46187,65
46188,6
46189,17
46190,3
46191,15
46192,28
46193,16
46194,1
46195,27
46196,37
46197,2
46198,7
46199,4
46200,62
46201,7
46202,56
46203,6
46204,38
46205,70
46206,44
46207,24
46208,54
46209,37
46210,76
46211,46
46212,43
46213,55
46214,1
46215,44
46216,65
46217,78
46218,34
46219,4
46220,69
46221,10
46222,70
46223,69
46224,22
46225,19
46226,17
46227,72
46228,28
46229,49
46230,1
46231,77
46232,43
46233,21
46234,24
46235,0
46236,36
46237,52
46238,16
46239,16
46240,49
46241,6
46242,43
46243,21
46244,13
46245,54
46246,23
46247,1
46248,67
46249,18
46250,18
46251,4
46252,33
46253,34
46254,19
46255,66
46256,16
46257,30
46258,34
46259,1
46260,42
46261,11
46262,31
46263,33
46264,61
46265,49
46266,77
46267,63
46268,6
46269,36
46270,27
46271,23
46272,61
46273,45
46274,12
46275,67
46276,54
46277,70
46278,57
46279,44
46280,22
46281,67
46282,60
46283,47
46284,4
46285,10
46286,35
46287,62
46288,62
46289,47
46290,0
46291,43
46292,37
46293,62
46294,24
46295,5
46296,27
46297,59
46298,63
46299,69
46300,42
46301,43
46302,42
46303,37
46304,54
46305,68
46306,39
46307,57
46308,7
46309,73
46310,37
46311,67
46312,16
46313,37
46314,33
46315,60
46316,48
46317,23
46318,68
46319,33
46320,14
46321,11
46322,43
46323,42
46324,63
46325,63
46326,52
46327,38
46328,53
46329,63
46330,3
46331,39
46332,33
46333,69
46334,67
46335,18
46336,70
46337,17
46338,58
46339,16
46340,53
46341,52
46342,43
46343,38
46344,2
46345,13
46346,66
46347,14
46348,6
46349,47
46350,57
46351,34
46352,56
46353,72
46354,30
46355,29
46356,47
46357,68
46358,58
46359,16
46360,6
46361,0
46362,29
46363,36
46364,67
46365,61
46366,1
46367,49
46368,70
46369,51
46370,8
46371,19
46372,67
46373,14
46374,20
46375,56
46376,47
46377,35
46378,24
46379,32
46380,22
46381,70
46382,12
46383,7
46384,70
46385,52
46386,21
46387,49
46388,38
46389,46
46390,69
46391,48
46392,42
46393,8
46394,36
46395,61
46396,38
46397,37
46398,47
46399,1
46400,41
46401,38
46402,36
46403,67
46404,53
46405,25
46406,1
46407,13
46408,68
46409,27
46410,20
46411,31
46412,73
46413,59
46414,10
46415,25
46416,63
46417,38
46418,67
46419,33
46420,57
46421,2
46422,14
46423,60
46424,41
46425,52
46426,48
46427,11
46428,25
46429,49
46430,34
46431,38
46432,12
46433,55
46434,37
46435,30
46436,51
46437,70
46438,61
46439,57
46440,58
46441,63
46442,69
46443,1
46444,31
46445,18
46446,36
46447,41
46448,21
46449,2
46450,43
46451,5
46452,73
46453,44
46454,68
46455,0
46456,54
46457,38
46458,14
46459,7
46460,7
46461,70
46462,10
46463,65
46464,4
46465,20
46466,16
46467,52
46468,7
46469,70
46470,1
46471,62
46472,53
46473,3
46474,69
46475,29
46476,40
46477,51
46478,54
46479,70
46480,73
46481,18
46482,62
46483,59
46484,64
46485,59
46486,8
46487,8
46488,66
46489,28
46490,54
46491,51
46492,10
46493,47
46494,60
46495,46
46496,51
46497,67
46498,22
46499,25
46500,13
46501,73
46502,23
46503,25
46504,21
46505,51
46506,19
46507,7
46508,35
46509,5
46510,17
46511,75
46512,25
46513,5
46514,12
46515,35
46516,12
46517,68
46518,8
46519,9
46520,29
46521,54
46522,66
46523,58
46524,42
46525,39
46526,55
46527,69
46528,63
46529,11
46530,33
46531,26
46532,48
46533,49
46534,14
46535,66
46536,19
46537,7
46538,24
46539,50
46540,71
46541,37
46542,66
46543,49
46544,38
46545,21
46546,45
46547,59
46548,53
46549,68
46550,24
46551,20
46552,39
46553,39
46554,16
46555,74
46556,43
46557,7
46558,42
46559,37
46560,31
46561,25
46562,40
46563,52
46564,28
46565,11
46566,10
46567,59
46568,69
46569,30
46570,45
46571,36
46572,9
46573,26
46574,5
46575,36
46576,56
46577,63
46578,11
46579,42
46580,58
46581,55
46582,18
46583,70
46584,30
46585,24
46586,51
46587,22
46588,64
46589,31
46590,58
46591,14
46592,40
46593,55
46594,38
46595,31
46596,46
46597,0
46598,0
46599,18
46600,62
46601,73
46602,27
46603,24
46604,58
46605,25
46606,20
46607,23
46608,10
46609,61
46610,11
46611,29
46612,29
46613,66
46614,13
46615,42
46616,7
46617,4
46618,60
46619,60
46620,11
46621,68
46622,61
46623,43
46624,5
46625,57
46626,61
46627,13
46628,27
46629,46
46630,64
46631,15
46632,42
46633,38
46634,6
46635,55
46636,18
46637,7
46638,47
46639,62
46640,31
46641,63
46642,57
46643,24
46644,28
46645,3
46646,70
46647,8
46648,3
46649,25
46650,42
46651,9
46652,37
46653,66
46654,51
46655,37
46656,54
46657,56
46658,74
46659,12
46660,61
46661,5
46662,40
46663,77
46664,40
46665,40
46666,1
46667,4
46668,7
46669,44
46670,45
46671,13
46672,67
46673,53
46674,28
46675,46
46676,63
46677,15
46678,73
46679,24
46680,50
46681,12
46682,50
46683,3
46684,7
46685,59
46686,8
46687,15
46688,6
46689,29
46690,41
46691,0
46692,61
46693,7
46694,57
46695,18
46696,35
46697,6
46698,53
46699,50
46700,36
46701,66
46702,64
46703,19
46704,3
46705,56
46706,48
46707,62
46708,47
46709,16
46710,7
46711,62
46712,8
46713,22
46714,2
46715,72
46716,71
46717,48
46718,55
46719,38
46720,51
46721,12
46722,6
46723,62
46724,63
46725,24
46726,39
46727,66
46728,72
46729,17
46730,30
46731,67
46732,57
46733,53
46734,48
46735,3
46736,9
46737,18
46738,44
46739,6
46740,50
46741,5
46742,46
46743,31
46744,6
46745,64
46746,55
46747,14
46748,11
46749,19
46750,61
46751,15
46752,69
46753,76
46754,4
46755,1
46756,31
46757,35
46758,36
46759,18
46760,19
46761,4
46762,28
46763,69
46764,33
46765,54
46766,29
46767,68
46768,44
46769,44
46770,4
46771,28
46772,7
46773,48
46774,64
46775,54
46776,30
46777,33
46778,61
46779,19
46780,24
46781,17
46782,29
46783,38
46784,32
46785,71
46786,16
46787,47
46788,19
46789,54
46790,14
46791,42
46792,35
46793,43
46794,49
46795,23
46796,18
46797,61
46798,18
46799,52
46800,15
46801,51
46802,62
46803,11
46804,31
46805,7
46806,70
46807,66
46808,10
46809,16
46810,54
46811,3
46812,46
46813,57
46814,31
46815,11
46816,1
46817,14
46818,11
46819,43
46820,51
46821,13
46822,16
46823,36
46824,28
46825,20
46826,64
46827,67
46828,42
46829,54
46830,10
46831,62
46832,12
46833,2
46834,26
46835,11
46836,74
46837,55
46838,19
46839,45
46840,0
46841,16
46842,2
46843,58
46844,59
46845,7
46846,72
46847,17
46848,53
46849,36
46850,12
46851,62
46852,56
46853,63
46854,9
46855,49
46856,73
46857,61
46858,47
46859,39
46860,19
46861,5
46862,50
46863,47
46864,29
46865,12
46866,0
46867,63
46868,52
46869,12
46870,13
46871,46
46872,45
46873,48
46874,32
46875,10
46876,30
46877,5
46878,23
46879,29
46880,65
46881,34
46882,53
46883,6
46884,12
46885,55
46886,9
46887,48
46888,9
46889,21
46890,65
46891,36
46892,20
46893,16
46894,14
46895,34
46896,33
46897,63
46898,58
46899,68
46900,60
46901,71
46902,11
46903,67
46904,0
46905,58
46906,73
46907,17
46908,52
46909,26
46910,27
46911,38
46912,53
46913,35
46914,60
46915,0
46916,26
46917,61
46918,59
46919,73
46920,18
46921,55
46922,41
46923,69
46924,37
46925,66
46926,51
46927,57
46928,64
46929,1
46930,61
46931,61
46932,61
46933,45
46934,19
46935,53
46936,58
46937,50
46938,33
46939,11
46940,18
46941,67
46942,33
46943,47
46944,7
46945,7
46946,70
46947,76
46948,72
46949,23
46950,60
46951,33
46952,37
46953,27
46954,48
46955,63
46956,63
46957,61
46958,11
46959,42
46960,26
46961,52
46962,13
46963,7
46964,42
46965,0
46966,67
46967,44
46968,44
46969,17
46970,41
46971,58
46972,28
46973,16
46974,56
46975,42
46976,45
46977,22
46978,57
46979,65
46980,12
46981,0
46982,38
46983,20
46984,54
46985,58
46986,35
46987,69
46988,64
46989,66
46990,26
46991,56
46992,51
46993,75
46994,66
46995,36
46996,55
46997,58
46998,21
46999,68
47000,10
47001,21
47002,51
47003,45
47004,61
47005,68
47006,49
47007,12
47008,37
47009,6
47010,19
47011,63
47012,45
47013,70
47014,55
47015,51
47016,45
47017,17
47018,57
47019,22
47020,12
47021,75
47022,51
47023,52
47024,35
47025,59
47026,13
47027,7
47028,28
47029,67
47030,26
47031,9
47032,51
47033,0
47034,6
47035,66
47036,64
47037,73
47038,31
47039,47
47040,71
47041,40
47042,4
47043,39
47044,15
47045,63
47046,3
47047,69
47048,62
47049,59
47050,20
47051,44
47052,75
47053,26
47054,53
47055,31
47056,17
47057,44
47058,43
47059,68
47060,16
47061,34
47062,5
47063,37
47064,2
47065,5
47066,53
47067,10
47068,53
47069,61
47070,56
47071,23
47072,2
47073,70
47074,0
47075,73
47076,6
47077,57
47078,59
47079,22
47080,45
47081,57
47082,19
47083,58
47084,52
47085,40
47086,64
47087,2
47088,11
47089,31
47090,47
47091,66
47092,57
47093,43
47094,10
47095,8
47096,38
47097,42
47098,30
47099,68
47100,70
47101,64
47102,45
47103,33
47104,11
47105,72
47106,43
47107,8
47108,60
47109,18
47110,50
47111,40
47112,25
47113,19
47114,72
47115,9
47116,29
47117,14
47118,57
47119,57
47120,21
47121,37
47122,16
47123,0
47124,53
47125,19
47126,23
47127,73
47128,45
47129,20
47130,56
47131,63
47132,58
47133,32
47134,13
47135,30
47136,6
47137,32
47138,28
47139,51
47140,35
47141,2
47142,55
47143,65
47144,18
47145,19
47146,24
47147,53
47148,4
47149,6
47150,73
47151,60
47152,59
47153,22
47154,23
47155,49
47156,29
47157,69
47158,26
47159,7
47160,41
47161,18
47162,66
47163,19
47164,49
47165,20
47166,55
47167,22
47168,63
47169,40
47170,63
47171,28
47172,55
47173,74
47174,23
47175,59
47176,41
47177,21
47178,54
47179,39
47180,54
47181,68
47182,22
47183,35
47184,69
47185,18
47186,59
47187,47
47188,69
47189,72
47190,43
47191,41
47192,67
47193,19
47194,58
47195,63
47196,66
47197,38
47198,43
47199,74
47200,16
47201,26
47202,53
47203,2
47204,46
47205,28
47206,61
47207,31
47208,8
47209,1
47210,8
47211,68
47212,58
47213,4
47214,71
47215,58
47216,30
47217,11
47218,36
47219,11
47220,0
47221,68
47222,57
47223,7
47224,58
47225,28
47226,46
47227,73
47228,66
47229,68
47230,2
47231,5
47232,71
47233,38
47234,18
47235,56
47236,3
47237,29
47238,51
47239,64
47240,19
47241,36
47242,15
47243,24
47244,51
47245,46
47246,49
47247,2
47248,16
47249,34
47250,19
47251,68
47252,74
47253,12
47254,52
47255,21
47256,54
47257,3
47258,44
47259,40
47260,41
47261,58
47262,70
47263,39
47264,61
47265,49
47266,6
47267,63
47268,67
47269,71
47270,37
47271,62
47272,51
47273,64
47274,5
47275,66
47276,32
47277,5
47278,11
47279,20
47280,42
47281,16
47282,26
47283,21
47284,9
47285,48
47286,68
47287,52
47288,29
47289,40
47290,20
47291,20
47292,14
47293,13
47294,52
47295,31
47296,46
47297,53
47298,44
47299,33
47300,74
47301,14
47302,2
47303,72
47304,9
47305,18
47306,36
47307,34
47308,1
47309,44
47310,9
47311,63
47312,12
47313,23
47314,10
47315,17
47316,36
47317,61
47318,8
47319,24
47320,0
47321,47
47322,55
47323,18
47324,58
47325,36
47326,30
47327,36
47328,24
47329,57
47330,8
47331,57
47332,6
47333,18
47334,63
47335,32
47336,72
47337,61
47338,19
47339,70
47340,49
47341,15
47342,39
47343,57
47344,76
47345,47
47346,65
47347,3
47348,60
47349,67
47350,65
47351,46
47352,6
47353,20
47354,65
47355,58
47356,20
47357,58
47358,24
47359,55
47360,18
47361,4
47362,60
47363,43
47364,12
47365,75
47366,10
47367,12
47368,13
47369,1
47370,20
47371,46
47372,31
47373,29
47374,19
47375,34
47376,3
47377,16
47378,39
47379,49
47380,68
47381,23
47382,64
47383,31
47384,41
47385,8
47386,9
47387,67
47388,42
47389,27
47390,17
47391,54
47392,67
47393,65
47394,46
47395,40
47396,29
47397,71
47398,54
47399,40
47400,57
47401,48
47402,59
47403,19
47404,67
47405,63
47406,54
47407,54
47408,25
47409,37
47410,0
47411,49
47412,46
47413,63
47414,72
47415,72
47416,18
47417,69
47418,30
47419,2
47420,78
47421,6
47422,52
47423,34
47424,12
47425,64
47426,47
47427,0
47428,18
47429,23
47430,62
47431,35
47432,2
47433,32
47434,30
47435,58
47436,33
47437,58
47438,5
47439,20
47440,21
47441,25
47442,36
47443,48
47444,39
47445,49
47446,77
47447,45
47448,71
47449,45
47450,31
47451,70
47452,69
47453,56
47454,72
47455,42
47456,69
47457,30
47458,7
47459,20
47460,50
47461,55
47462,40
47463,65
47464,44
47465,12
47466,60
47467,48
47468,0
47469,69
47470,60
47471,70
47472,64
47473,46
47474,21
47475,19
47476,67
47477,49
47478,12
47479,8
47480,5
47481,38
47482,28
47483,56
47484,74
47485,61
47486,57
47487,59
47488,5
47489,62
47490,11
47491,36
47492,70
47493,3
47494,19
47495,15
47496,67
47497,23
47498,8
47499,56
47500,4
47501,72
47502,29
47503,16
47504,14
47505,74
47506,18
47507,8
47508,34
47509,0
47510,64
47511,29
47512,17
47513,60
47514,38
47515,20
47516,48
47517,64
47518,43
47519,56
47520,65
47521,54
47522,13
47523,59
47524,30
47525,66
47526,52
47527,16
47528,72
47529,40
47530,63
47531,76
47532,41
47533,31
47534,72
47535,69
47536,3
47537,10
47538,15
47539,60
47540,1
47541,51
47542,27
47543,18
47544,64
47545,1
47546,56
47547,51
47548,60
47549,35
47550,33
47551,6
47552,50
47553,25
47554,34
47555,3
47556,13
47557,51
47558,1
47559,21
47560,4
47561,43
47562,30
47563,67
47564,4
47565,63
47566,18
47567,4
47568,65
47569,29
47570,65
47571,53
47572,67
47573,46
47574,65
47575,55
47576,45
47577,40
47578,40
47579,20
47580,40
47581,60
47582,1
47583,29
47584,28
47585,40
47586,49
47587,13
47588,34
47589,71
47590,61
47591,65
47592,3
47593,70
47594,23
47595,26
47596,43
47597,3
47598,60
47599,65
47600,61
47601,13
47602,23
47603,15
47604,3
47605,51
47606,11
47607,22
47608,18
47609,50
47610,9
47611,27
47612,64
47613,15
47614,7
47615,44
47616,29
47617,53
47618,54
47619,51
47620,39
47621,19
47622,40
47623,30
47624,38
47625,17
47626,65
47627,40
47628,22
47629,63
47630,10
47631,54
47632,46
47633,46
47634,40
47635,50
47636,34
47637,38
47638,68
47639,41
47640,10
47641,3
47642,12
47643,33
47644,50
47645,45
47646,9
47647,28
47648,10
47649,15
47650,56
47651,46
47652,19
47653,7
47654,58
47655,11
47656,41
47657,67
47658,1
47659,64
47660,27
47661,23
47662,19
47663,21
47664,7
47665,13
47666,21
47667,34
47668,74
47669,37
47670,65
47671,13
47672,43
47673,35
47674,61
47675,2
47676,55
47677,54
47678,71
47679,17
47680,40
47681,61
47682,65
47683,46
47684,7
47685,34
47686,61
47687,13
47688,3
47689,45
47690,62
47691,49
47692,32
47693,16
47694,45
47695,30
47696,19
47697,33
47698,12
47699,43
47700,69
47701,48
47702,23
47703,5
47704,68
47705,1
47706,22
47707,11
47708,73
47709,47
47710,64
47711,52
47712,63
47713,7
47714,51
47715,15
47716,16
47717,39
47718,3
47719,31
47720,37
47721,72
47722,0
47723,44
47724,37
47725,19
47726,33
47727,22
47728,43
47729,26
47730,2
47731,62
47732,29
47733,50
47734,46
47735,19
47736,20
47737,68
47738,38
47739,11
47740,3
47741,75
47742,61
47743,22
47744,19
47745,11
47746,57
47747,16
47748,26
47749,11
47750,4
47751,24
47752,60
47753,5
47754,39
47755,23
47756,35
47757,43
47758,74
47759,35
47760,18
47761,36
47762,25
47763,14
47764,68
47765,6
47766,0
47767,67
47768,48
47769,67
47770,56
47771,3
47772,25
47773,69
47774,15
47775,56
47776,16
47777,0
47778,35
47779,26
47780,12
47781,63
47782,10
47783,51
47784,45
47785,58
47786,60
47787,15
47788,8
47789,63
47790,70
47791,9
47792,32
47793,42
47794,56
47795,26
47796,43
47797,42
47798,37
47799,17
47800,34
47801,35
47802,58
47803,28
47804,49
47805,18
47806,11
47807,40
47808,12
47809,36
47810,31
47811,40
47812,1
47813,25
47814,56
47815,64
47816,40
47817,43
47818,1
47819,56
47820,60
47821,7
47822,60
47823,29
47824,24
47825,57
47826,50
47827,38
47828,75
47829,58
47830,61
47831,12
47832,73
47833,17
47834,12
47835,54
47836,7
47837,36
47838,28
47839,40
47840,17
47841,14
47842,25
47843,54
47844,24
47845,73
47846,30
47847,7
47848,73
47849,72
47850,0
47851,35
47852,25
47853,7
47854,28
47855,34
47856,45
47857,26
47858,5
47859,0
47860,26
47861,62
47862,4
47863,63
47864,51
47865,22
47866,51
47867,17
47868,20
47869,3
47870,74
47871,70
47872,32
47873,44
47874,70
47875,34
47876,54
47877,70
47878,68
47879,4
47880,38
47881,42
47882,1
47883,66
47884,12
47885,37
47886,26
47887,47
47888,16
47889,64
47890,61
47891,36
47892,66
47893,61
47894,61
47895,46
47896,37
47897,68
47898,51
47899,41
47900,29
47901,63
47902,28
47903,32
47904,4
47905,67
47906,45
47907,33
47908,16
47909,27
47910,53
47911,12
47912,8
47913,38
47914,15
47915,60
47916,3
47917,24
47918,7
47919,38
47920,31
47921,64
47922,29
47923,60
47924,28
47925,42
47926,28
47927,49
47928,43
47929,15
47930,23
47931,5
47932,12
47933,44
47934,39
47935,43
47936,35
47937,15
47938,7
47939,40
47940,43
47941,68
47942,13
47943,31
47944,32
47945,22
47946,13
47947,53
47948,37
47949,78
47950,57
47951,73
47952,47
47953,17
47954,68
47955,58
47956,13
47957,27
47958,52
47959,45
47960,44
47961,50
47962,26
47963,51
47964,44
47965,21
47966,64
47967,57
47968,36
47969,61
47970,8
47971,41
47972,73
47973,50
47974,63
47975,4
47976,43
47977,32
47978,48
47979,58
47980,48
47981,38
47982,70
47983,46
47984,7
47985,68
47986,53
47987,16
47988,53
47989,62
47990,63
47991,64
47992,66
47993,44
47994,31
47995,47
47996,9
47997,51
47998,51
47999,60
48000,44
48001,30
48002,28
48003,34
48004,14
48005,43
48006,35
48007,32
48008,2
48009,73
48010,4
48011,31
48012,52
48013,43
48014,65
48015,57
48016,53
48017,0
48018,65
48019,35
48020,21
48021,17
48022,39
48023,63
48024,11
48025,33
48026,4
48027,75
48028,71
48029,28
48030,11
48031,78
48032,31
48033,12
48034,67
48035,35
48036,3
48037,48
48038,35
48039,11
48040,1
48041,54
48042,20
48043,21
48044,11
48045,23
48046,75
48047,48
48048,31
48049,11
48050,37
48051,46
48052,72
48053,52
48054,62
48055,73
48056,24
48057,27
48058,31
48059,50
48060,15
48061,61
48062,43
48063,50
48064,68
48065,59
48066,29
48067,32
48068,0
48069,12
48070,37
48071,30
48072,13
48073,9
48074,77
48075,54
48076,49
48077,57
48078,67
48079,38
48080,42
48081,70
48082,31
48083,68
48084,18
48085,0
48086,65
48087,33
48088,76
48089,62
48090,53
48091,51
48092,61
48093,58
48094,42
48095,63
48096,44
48097,20
48098,57
48099,54
48100,2
48101,38
48102,9
48103,17
48104,25
48105,36
48106,54
48107,68
48108,56
48109,35
48110,66
48111,4
48112,6
48113,47
48114,73
48115,47
48116,30
48117,68
48118,36
48119,11
48120,60
48121,70
48122,32
48123,73
48124,10
48125,16
48126,49
48127,74
48128,18
48129,1
48130,36
48131,58
48132,35
48133,36
48134,78
48135,28
48136,13
48137,0
48138,55
48139,16
48140,52
48141,33
48142,22
48143,18
48144,27
48145,11
48146,72
48147,0
48148,73
48149,61
48150,70
48151,18
48152,33
48153,73
48154,27
48155,73
48156,15
48157,44
48158,37
48159,7
48160,21
48161,7
48162,39
48163,1
48164,57
48165,55
48166,49
48167,0
48168,54
48169,60
48170,18
48171,62
48172,30
48173,67
48174,63
48175,42
48176,20
48177,79
48178,47
48179,71
48180,36
48181,28
48182,39
48183,65
48184,52
48185,9
48186,18
48187,4
48188,67
48189,44
48190,15
48191,10
48192,72
48193,61
48194,57
48195,5
48196,57
48197,7
48198,0
48199,17
48200,29
48201,46
48202,15
48203,53
48204,58
48205,37
48206,33
48207,70
48208,43
48209,18
48210,19
48211,6
48212,4
48213,40
48214,48
48215,27
48216,58
48217,54
48218,8
48219,45
48220,35
48221,26
48222,46
48223,42
48224,69
48225,73
48226,16
48227,21
48228,59
48229,3
48230,31
48231,30
48232,64
48233,11
48234,36
48235,51
48236,67
48237,35
48238,68
48239,39
48240,29
48241,15
48242,53
48243,38
48244,21
48245,56
48246,33
48247,55
48248,69
48249,65
48250,37
48251,60
48252,40
48253,11
48254,10
48255,39
48256,23
48257,34
48258,56
48259,62
48260,77
48261,4
48262,44
48263,61
48264,45
48265,12
48266,53
48267,14
48268,33
48269,59
48270,37
48271,52
48272,65
48273,25
48274,13
48275,71
48276,5
48277,33
48278,30
48279,74
48280,46
48281,45
48282,29
48283,25
48284,15
48285,4
48286,10
48287,68
48288,1
48289,49
48290,71
48291,69
48292,10
48293,0
48294,54
48295,32
48296,54
48297,69
48298,66
48299,73
48300,4
48301,64
48302,9
48303,53
48304,60
48305,35
48306,20
48307,63
48308,41
48309,14
48310,3
48311,2
48312,14
48313,42
48314,62
48315,73
48316,37
48317,64
48318,52
48319,56
48320,61
48321,15
48322,1
48323,61
48324,36
48325,47
48326,30
48327,45
48328,7
48329,47
48330,5
48331,67
48332,32
48333,31
48334,35
48335,71
48336,56
48337,27
48338,72
48339,35
48340,65
48341,25
48342,39
48343,17
48344,37
48345,52
48346,10
48347,3
48348,47
48349,15
48350,11
48351,71
48352,54
48353,20
48354,2
48355,61
48356,37
48357,21
48358,31
48359,1
48360,14
48361,55
48362,53
48363,50
48364,56
48365,29
48366,58
48367,34
48368,10
48369,62
48370,61
48371,4
48372,59
48373,69
48374,14
48375,53
48376,35
48377,32
48378,33
48379,70
48380,8
48381,45
48382,30
48383,32
48384,72
48385,2
48386,64
48387,7
48388,59
48389,36
48390,63
48391,46
48392,9
48393,57
48394,68
48395,27
48396,43
48397,42
48398,20
48399,38
48400,13
48401,65
48402,18
48403,61
48404,53
48405,58
48406,35
48407,38
48408,29
48409,66
48410,42
48411,9
48412,5
48413,68
48414,25
48415,16
48416,42
48417,18
48418,77
48419,46
48420,59
48421,70
48422,33
48423,58
48424,26
48425,52
48426,65
48427,72
48428,26
48429,38
48430,43
48431,59
48432,60
48433,51
48434,55
48435,13
48436,44
48437,19
48438,25
48439,68
48440,7
48441,71
48442,70
48443,57
48444,17
48445,10
48446,29
48447,44
48448,71
48449,43
48450,4
48451,69
48452,2
48453,76
48454,35
48455,31
48456,61
48457,72
48458,33
48459,24
48460,18
48461,5
48462,2
48463,64
48464,23
48465,47
48466,22
48467,69
48468,61
48469,70
48470,42
48471,76
48472,12
48473,73
48474,13
48475,68
48476,30
48477,0
48478,57
48479,71
48480,8
48481,28
48482,43
48483,40
48484,20
48485,50
48486,36
48487,36
48488,40
48489,16
48490,42
48491,23
48492,24
48493,3
48494,36
48495,25
48496,21
48497,44
48498,5
48499,41
48500,10
48501,43
48502,15
48503,71
48504,8
48505,45
48506,17
48507,11
48508,70
48509,1
48510,68
48511,43
48512,12
48513,38
48514,24
48515,34
48516,56
48517,12
48518,3
48519,63
48520,6
48521,26
48522,18
48523,10
48524,51
48525,30
48526,73
48527,21
48528,62
48529,56
48530,17
48531,26
48532,57
48533,30
48534,30
48535,30
48536,38
48537,64
48538,31
48539,46
48540,7
48541,43
48542,31
48543,53
48544,1
48545,54
48546,9
48547,60
48548,70
48549,61
48550,57
48551,73
48552,74
48553,68
48554,14
48555,20
48556,40
48557,66
48558,35
48559,10
48560,65
48561,26
48562,30
48563,67
48564,72
48565,17
48566,57
48567,51
48568,10
48569,65
48570,49
48571,49
48572,7
48573,9
48574,29
48575,47
48576,5
48577,35
48578,6
48579,38
48580,21
48581,17
48582,39
48583,66
48584,71
48585,8
48586,27
48587,13
48588,23
48589,59
48590,10
48591,32
48592,29
48593,5
48594,33
48595,19
48596,41
48597,43
48598,2
48599,7
48600,1
48601,33
48602,33
48603,38
48604,58
48605,69
48606,20
48607,7
48608,25
48609,61
48610,0
48611,24
48612,13
48613,54
48614,6
48615,40
48616,11
48617,27
48618,57
48619,58
48620,41
48621,54
48622,60
48623,29
48624,50
48625,74
48626,16
48627,18
48628,67
48629,28
48630,56
48631,19
48632,6
48633,57
48634,1
48635,50
48636,32
48637,61
48638,20
48639,14
48640,31
48641,27
48642,3
48643,28
48644,69
48645,32
48646,44
48647,24
48648,12
48649,59
48650,10
48651,35
48652,73
48653,33
48654,70
48655,5
48656,58
48657,13
48658,6
48659,20
48660,47
48661,15
48662,43
48663,61
48664,21
48665,30
48666,69
48667,22
48668,47
48669,72
48670,32
48671,31
48672,20
48673,24
48674,40
48675,22
48676,69
48677,39
48678,44
48679,8
48680,5
48681,38
48682,39
48683,65
48684,21
48685,70
48686,6
48687,15
48688,32
48689,44
48690,52
48691,58
48692,69
48693,43
48694,30
48695,76
48696,67
48697,56
48698,73
48699,2
48700,66
48701,60
48702,63
48703,45
48704,62
48705,61
48706,38
48707,8
48708,5
48709,3
48710,29
48711,3
48712,5
48713,19
48714,33
48715,9
48716,7
48717,44
48718,38
48719,46
48720,56
48721,60
48722,76
48723,17
48724,58
48725,41
48726,66
48727,25
48728,1
48729,42
48730,58
48731,8
48732,6
48733,3
48734,21
48735,31
48736,33
48737,21
48738,54
48739,14
48740,11
48741,70
48742,18
48743,39
48744,47
48745,1
48746,38
48747,6
48748,47
48749,14
48750,61
48751,51
48752,10
48753,12
48754,70
48755,2
48756,0
48757,36
48758,4
48759,30
48760,56
48761,33
48762,16
48763,60
48764,54
48765,12
48766,22
48767,9
48768,35
48769,39
48770,50
48771,17
48772,55
48773,66
48774,27
48775,10
48776,19
48777,65
48778,38
48779,45
48780,60
48781,31
48782,61
48783,47
48784,65
48785,44
48786,11
48787,47
48788,31
48789,55
48790,52
48791,29
48792,59
48793,62
48794,34
48795,31
48796,0
48797,62
48798,23
48799,34
48800,36
48801,8
48802,42
48803,66
48804,70
48805,26
48806,38
48807,49
48808,56
48809,22
48810,40
48811,71
48812,38
48813,53
48814,37
48815,69
48816,16
48817,38
48818,53
48819,55
48820,72
48821,43
48822,75
48823,75
48824,52
48825,58
48826,15
48827,52
48828,73
48829,47
48830,49
48831,34
48832,36
48833,5
48834,46
48835,64
48836,8
48837,5
48838,27
48839,4
48840,49
48841,12
48842,15
48843,15
48844,13
48845,21
48846,36
48847,27
48848,8
48849,57
48850,68
48851,29
48852,32
48853,71
48854,7
48855,39
48856,47
48857,19
48858,47
48859,15
48860,72
48861,37
48862,52
48863,24
48864,64
48865,66
48866,42
48867,65
48868,22
48869,22
48870,48
48871,59
48872,2
48873,57
48874,30
48875,9
48876,24
48877,28
48878,16
48879,26
48880,66
48881,43
48882,14
48883,48
48884,42
48885,41
48886,53
48887,57
48888,54
48889,10
48890,13
48891,22
48892,66
48893,23
48894,34
48895,9
48896,60
48897,56
48898,19
48899,52
48900,75
48901,18
48902,47
48903,41
48904,63
48905,27
48906,17
48907,52
48908,10
48909,39
48910,16
48911,53
48912,27
48913,9
48914,53
48915,60
48916,27
48917,14
48918,58
48919,53
48920,55
48921,45
48922,70
48923,48
48924,7
48925,17
48926,40
48927,74
48928,4
48929,66
48930,53
48931,47
48932,64
48933,44
48934,53
48935,60
48936,34
48937,51
48938,67
48939,57
48940,62
48941,25
48942,17
48943,59
48944,50
48945,5
48946,34
48947,36
48948,35
48949,69
48950,56
48951,67
48952,32
48953,11
48954,30
48955,72
48956,43
48957,43
48958,20
48959,28
48960,37
48961,62
48962,12
48963,30
48964,22
48965,75
48966,8
48967,32
48968,21
48969,68
48970,8
48971,21
48972,12
48973,53
48974,40
48975,27
48976,8
48977,13
48978,27
48979,52
48980,70
48981,38
48982,29
48983,68
48984,54
48985,62
48986,36
48987,27
48988,2
48989,44
48990,26
48991,37
48992,74
48993,38
48994,35
48995,20
48996,30
48997,45
48998,67
48999,36
49000,15
49001,51
49002,57
49003,14
49004,25
49005,46
49006,13
49007,12
49008,66
49009,67
49010,55
49011,4
49012,15
49013,47
49014,49
49015,18
49016,38
49017,38
49018,9
49019,35
49020,46
49021,11
49022,20
49023,67
49024,16
49025,39
49026,53
49027,66
49028,15
49029,14
49030,67
49031,21
49032,18
49033,60
49034,37
49035,5
49036,17
49037,41
49038,56
49039,76
49040,69
49041,18
49042,59
49043,14
49044,32
49045,44
49046,57
49047,43
49048,33
49049,19
49050,69
49051,24
49052,16
49053,62
49054,8
49055,21
49056,41
49057,30
49058,14
49059,41
49060,23
49061,59
49062,23
49063,56
49064,47
49065,29
49066,7
49067,4
49068,26
49069,35
49070,25
49071,64
49072,15
49073,31
49074,57
49075,71
49076,43
49077,65
49078,56
49079,58
49080,6
49081,20
49082,54
49083,35
49084,1
49085,63
49086,0
49087,40
49088,50
49089,13
49090,69
49091,68
49092,70
49093,72
49094,78
49095,48
49096,67
49097,2
49098,61
49099,9
49100,51
49101,38
49102,3
49103,63
49104,50
49105,24
49106,13
49107,30
49108,23
49109,35
49110,25
49111,20
49112,28
49113,14
49114,70
49115,14
49116,69
49117,71
49118,57
49119,12
49120,24
49121,29
49122,61
49123,72
49124,17
49125,62
49126,14
49127,47
49128,50
49129,31
49130,57
49131,70
49132,68
49133,33
49134,46
49135,65
49136,52
49137,20
49138,41
49139,59
49140,6
49141,70
49142,2
49143,57
49144,14
49145,40
49146,2
49147,62
49148,33
49149,40
49150,5
49151,30
49152,5
49153,64
49154,22
49155,44
49156,34
49157,59
49158,22
49159,25
49160,70
49161,18
49162,6
49163,22
49164,48
49165,10
49166,65
49167,5
49168,65
49169,42
49170,67
49171,7
49172,16
49173,51
49174,23
49175,2
49176,62
49177,8
49178,10
49179,33
49180,20
49181,48
49182,62
49183,55
49184,7
49185,58
49186,21
49187,41
49188,18
49189,51
49190,30
49191,44
49192,36
49193,44
49194,23
49195,14
49196,43
49197,38
49198,16
49199,31
49200,38
49201,55
49202,71
49203,29
49204,31
49205,35
49206,39
49207,42
49208,2
49209,45
49210,56
49211,34
49212,66
49213,15
49214,55
49215,34
49216,10
49217,26
49218,43
49219,3
49220,61
49221,1
49222,11
49223,22
49224,56
49225,60
49226,9
49227,56
49228,36
49229,12
49230,1
49231,20
49232,20
49233,51
49234,20
49235,52
49236,0
49237,22
49238,68
49239,60
49240,40
49241,2
49242,8
49243,38
49244,42
49245,0
49246,58
49247,67
49248,52
49249,31
49250,42
49251,37
49252,67
49253,49
49254,23
49255,35
49256,76
49257,31
49258,65
49259,55
49260,70
49261,69
49262,65
49263,38
49264,47
49265,42
49266,7
49267,16
49268,58
49269,36
49270,67
49271,19
49272,27
49273,12
49274,46
49275,37
49276,0
49277,32
49278,39
49279,61
49280,0
49281,22
49282,56
49283,19
49284,1
49285,51
49286,60
49287,75
49288,14
49289,55
49290,33
49291,42
49292,53
49293,43
49294,67
49295,40
49296,62
49297,44
49298,5
49299,54
49300,11
49301,34
49302,59
49303,30
49304,35
49305,8
49306,32
49307,16
49308,63
49309,69
49310,9
49311,7
49312,52
49313,12
49314,65
49315,31
49316,56
49317,39
49318,52
49319,47
49320,53
49321,13
49322,8
49323,39
49324,70
49325,28
49326,31
49327,51
49328,25
49329,15
49330,40
49331,16
49332,34
49333,34
49334,48
49335,13
49336,62
49337,35
49338,54
49339,9
49340,62
49341,34
49342,21
49343,20
49344,24
49345,34
49346,52
49347,19
49348,29
49349,64
49350,59
49351,57
49352,24
49353,51
49354,43
49355,61
49356,17
49357,22
49358,59
49359,35
49360,50
49361,66
49362,19
49363,41
49364,9
49365,47
49366,60
49367,38
49368,61
49369,23
49370,55
49371,72
49372,60
49373,59
49374,6
49375,25
49376,10
49377,38
49378,30
49379,51
49380,11
49381,34
49382,41
49383,17
49384,66
49385,40
49386,23
49387,40
49388,43
49389,53
49390,35
49391,49
49392,5
49393,1
49394,40
49395,53
49396,48
49397,1
49398,3
49399,43
49400,33
49401,3
49402,10
49403,64
49404,64
49405,9
49406,74
49407,55
49408,47
49409,52
49410,8
49411,6
49412,4
49413,68
49414,46
49415,42
49416,43
49417,45
49418,49
49419,23
49420,61
49421,9
49422,36
49423,34
49424,8
49425,1
49426,68
49427,62
49428,22
49429,68
49430,62
49431,17
49432,61
49433,34
49434,53
49435,53
49436,26
49437,61
49438,21
49439,56
49440,61
49441,3
49442,34
49443,26
49444,21
49445,37
49446,9
49447,0
49448,55
49449,15
49450,10
49451,66
49452,18
49453,9
49454,47
49455,7
49456,62
49457,29
49458,75
49459,9
49460,64
49461,38
49462,74
49463,21
49464,37
49465,72
49466,30
49467,45
49468,23
49469,70
49470,6
49471,29
49472,3
49473,64
49474,75
49475,5
49476,19
49477,24
49478,43
49479,25
49480,33
49481,49
49482,46
49483,20
49484,12
49485,61
49486,13
49487,64
49488,24
49489,5
49490,59
49491,41
49492,33
49493,38
49494,20
49495,24
49496,35
49497,48
49498,52
49499,40
49500,59
49501,55
49502,39
49503,21
49504,4
49505,27
49506,32
49507,56
49508,34
49509,67
49510,76
49511,56
49512,70
49513,72
49514,58
49515,53
49516,26
49517,36
49518,69
49519,36
49520,64
49521,31
49522,15
49523,61
49524,34
49525,6
49526,12
49527,29
49528,40
49529,34
49530,42
49531,11
49532,37
49533,62
49534,13
49535,58
49536,41
49537,73
49538,28
49539,21
49540,25
49541,66
49542,71
49543,39
49544,20
49545,59
49546,13
49547,8
49548,59
49549,12
49550,47
49551,70
49552,51
49553,21
49554,21
49555,27
49556,6
49557,24
49558,52
49559,49
49560,71
49561,48
49562,39
49563,68
49564,67
49565,2
49566,13
49567,55
49568,46
49569,65
49570,57
49571,11
49572,76
49573,67
49574,69
49575,10
49576,68
49577,54
49578,59
49579,34
49580,52
49581,70
49582,15
49583,28
49584,57
49585,65
49586,8
49587,29
49588,3
49589,23
49590,59
49591,45
49592,43
49593,14
49594,3
49595,72
49596,28
49597,29
49598,10
49599,20
49600,37
49601,38
49602,57
49603,10
49604,1
49605,1
49606,5
49607,55
49608,56
49609,40
49610,69
49611,5
49612,34
49613,70
49614,7
49615,23
49616,25
49617,66
49618,39
49619,26
49620,26
49621,39
49622,43
49623,17
49624,74
49625,13
49626,36
49627,59
49628,46
49629,38
49630,66
49631,23
49632,32
49633,73
49634,35
49635,18
49636,66
49637,40
49638,32
49639,72
49640,14
49641,52
49642,32
49643,41
49644,72
49645,16
49646,56
49647,5
49648,25
49649,8
49650,61
49651,26
49652,71
49653,62
49654,46
49655,68
49656,43
49657,22
49658,55
49659,8
49660,7
49661,27
49662,2
49663,52
49664,56
49665,48
49666,38
49667,23
49668,62
49669,69
49670,68
49671,57
49672,5
49673,0
49674,42
49675,25
49676,23
49677,17
49678,68
49679,22
49680,54
49681,26
49682,54
49683,53
49684,0
49685,2
49686,27
49687,3
49688,4
49689,5
49690,6
49691,30
49692,41
49693,46
49694,5
49695,35
49696,41
49697,57
49698,45
49699,29
49700,37
49701,2
49702,2
49703,14
49704,59
49705,25
49706,12
49707,13
49708,24
49709,67
49710,25
49711,68
49712,67
49713,36
49714,33
49715,12
49716,62
49717,45
49718,8
49719,70
49720,18
49721,52
49722,71
49723,45
49724,34
49725,38
49726,30
49727,23
49728,5
49729,63
49730,49
49731,68
49732,67
49733,48
49734,30
49735,49
49736,65
49737,5
49738,19
49739,44
49740,39
49741,34
49742,0
49743,58
49744,64
49745,66
49746,11
49747,75
49748,42
49749,13
49750,32
49751,11
49752,13
49753,53
49754,11
49755,62
49756,63
49757,26
49758,16
49759,70
49760,69
49761,64
49762,39
49763,17
49764,68
49765,61
49766,21
49767,14
49768,1
49769,58
49770,6
49771,58
49772,74
49773,27
49774,20
49775,50
49776,26
49777,66
49778,44
49779,8
49780,54
49781,45
49782,54
49783,27
49784,25
49785,68
49786,20
49787,2
49788,22
49789,11
49790,69
49791,17
49792,72
49793,52
49794,39
49795,58
49796,34
49797,0
49798,31
49799,40
49800,50
49801,14
49802,27
49803,52
49804,22
49805,63
49806,69
49807,53
49808,23
49809,6
49810,44
49811,3
49812,44
49813,23
49814,57
49815,26
49816,40
49817,55
49818,68
49819,16
49820,59
49821,33
49822,51
49823,62
49824,15
49825,25
49826,54
49827,39
49828,52
49829,17
49830,51
49831,28
49832,9
49833,16
49834,64
49835,55
49836,45
49837,6
49838,16
49839,12
49840,43
49841,25
49842,1
49843,61
49844,68
49845,24
49846,56
49847,9
49848,42
49849,71
49850,30
49851,41
49852,16
49853,11
49854,57
49855,60
49856,72
49857,69
49858,59
49859,59
49860,12
49861,37
49862,26
49863,16
49864,26
49865,4
49866,49
49867,67
49868,2
49869,71
49870,70
49871,21
49872,62
49873,31
49874,58
49875,21
49876,2
49877,38
49878,35
49879,23
49880,65
49881,14
49882,25
49883,16
49884,17
49885,40
49886,34
49887,31
49888,0
49889,43
49890,39
49891,63
49892,57
49893,5
49894,34
49895,7
49896,7
49897,54
49898,60
49899,70
49900,73
49901,60
49902,2
49903,6
49904,32
49905,70
49906,61
49907,24
49908,50
49909,10
49910,18
49911,72
49912,35
49913,46
49914,1
49915,46
49916,54
49917,60
49918,71
49919,70
49920,61
49921,32
49922,59
49923,75
49924,28
49925,57
49926,22
49927,10
49928,9
49929,19
49930,63
49931,14
49932,38
49933,55
49934,46
49935,51
49936,51
49937,4
49938,8
49939,51
49940,9
49941,68
49942,22
49943,68
49944,49
49945,62
49946,68
49947,72
49948,40
49949,1
49950,32
49951,71
49952,35
49953,35
49954,69
49955,63
49956,71
49957,28
49958,37
49959,8
49960,48
49961,4
49962,42
49963,65
49964,21
49965,6
49966,20
49967,4
49968,18
49969,68
49970,40
49971,58
49972,28
49973,68
49974,35
49975,37
49976,50
49977,29
49978,14
49979,14
49980,32
49981,0
49982,70
49983,38
49984,33
49985,51
49986,26
49987,77
49988,53
49989,39
49990,15
49991,56
49992,21
49993,65
49994,1
49995,68
49996,35
49997,50
49998,73
49999,21
50000,35
